product_id,brand,title,ingredient_name,amount,daily_value,serving_size
64903,California Gold Nutrition,"California Gold Nutrition, CollagenUP®，水解海洋胶原蛋白肽 + 透明质酸和维生素 C，原味，7.26 盎司（206 克）",热量,20,,1 勺（5 克）
64903,California Gold Nutrition,"California Gold Nutrition, CollagenUP®，水解海洋胶原蛋白肽 + 透明质酸和维生素 C，原味，7.26 盎司（206 克）",蛋白质,4 克,< 1%*,1 勺（5 克）
64903,California Gold Nutrition,"California Gold Nutrition, CollagenUP®，水解海洋胶原蛋白肽 + 透明质酸和维生素 C，原味，7.26 盎司（206 克）",维生素 C（抗坏血酸钙）,90 毫克,100%,1 勺（5 克）
64903,California Gold Nutrition,"California Gold Nutrition, CollagenUP®，水解海洋胶原蛋白肽 + 透明质酸和维生素 C，原味，7.26 盎司（206 克）",钠,20 毫克,1%,1 勺（5 克）
64903,California Gold Nutrition,"California Gold Nutrition, CollagenUP®，水解海洋胶原蛋白肽 + 透明质酸和维生素 C，原味，7.26 盎司（206 克）",水解海洋胶原蛋白肽,5 克,†,1 勺（5 克）
64903,California Gold Nutrition,"California Gold Nutrition, CollagenUP®，水解海洋胶原蛋白肽 + 透明质酸和维生素 C，原味，7.26 盎司（206 克）",透明质酸（透明质酸钠）,60 毫克,†,1 勺（5 克）
64902,California Gold Nutrition,"California Gold Nutrition, CollagenUP®，水解海洋胶原蛋白肽 + 透明质酸和维生素 C，原味，1.02 磅（464 克）",热量,20,,1 勺（5 克）
64902,California Gold Nutrition,"California Gold Nutrition, CollagenUP®，水解海洋胶原蛋白肽 + 透明质酸和维生素 C，原味，1.02 磅（464 克）",蛋白质,4 克,< 1%*,1 勺（5 克）
64902,California Gold Nutrition,"California Gold Nutrition, CollagenUP®，水解海洋胶原蛋白肽 + 透明质酸和维生素 C，原味，1.02 磅（464 克）",维生素 C（抗坏血酸钙）,90 毫克,100%,1 勺（5 克）
64902,California Gold Nutrition,"California Gold Nutrition, CollagenUP®，水解海洋胶原蛋白肽 + 透明质酸和维生素 C，原味，1.02 磅（464 克）",钠,20 毫克,1%,1 勺（5 克）
64902,California Gold Nutrition,"California Gold Nutrition, CollagenUP®，水解海洋胶原蛋白肽 + 透明质酸和维生素 C，原味，1.02 磅（464 克）",水解海洋胶原蛋白肽,5 克,†,1 勺（5 克）
64902,California Gold Nutrition,"California Gold Nutrition, CollagenUP®，水解海洋胶原蛋白肽 + 透明质酸和维生素 C，原味，1.02 磅（464 克）",透明质酸（透明质酸钠）,60 毫克,†,1 勺（5 克）
109491,California Gold Nutrition,"California Gold Nutrition, CollagenUP®，水解海洋胶原蛋白肽 + 透明质酸和维生素 C，原味，2.2 磅（1 千克）",热量,20,,1 勺（5 克）
109491,California Gold Nutrition,"California Gold Nutrition, CollagenUP®，水解海洋胶原蛋白肽 + 透明质酸和维生素 C，原味，2.2 磅（1 千克）",蛋白质,4 克,< 1%*,1 勺（5 克）
109491,California Gold Nutrition,"California Gold Nutrition, CollagenUP®，水解海洋胶原蛋白肽 + 透明质酸和维生素 C，原味，2.2 磅（1 千克）",维生素 C（抗坏血酸钙）,90 毫克,100%,1 勺（5 克）
109491,California Gold Nutrition,"California Gold Nutrition, CollagenUP®，水解海洋胶原蛋白肽 + 透明质酸和维生素 C，原味，2.2 磅（1 千克）",钠,20 毫克,1%,1 勺（5 克）
109491,California Gold Nutrition,"California Gold Nutrition, CollagenUP®，水解海洋胶原蛋白肽 + 透明质酸和维生素 C，原味，2.2 磅（1 千克）",水解海洋胶原蛋白肽,5 克,†,1 勺（5 克）
109491,California Gold Nutrition,"California Gold Nutrition, CollagenUP®，水解海洋胶原蛋白肽 + 透明质酸和维生素 C，原味，2.2 磅（1 千克）",透明质酸（透明质酸钠）,60 毫克,†,1 勺（5 克）
77593,California Gold Nutrition,"California Gold Nutrition, 水解胶原蛋白肽，I 型和 III 型，维生素 C，250 片",热量,15,,3 片
77593,California Gold Nutrition,"California Gold Nutrition, 水解胶原蛋白肽，I 型和 III 型，维生素 C，250 片",蛋白质,3 克,< 1%*,3 片
77593,California Gold Nutrition,"California Gold Nutrition, 水解胶原蛋白肽，I 型和 III 型，维生素 C，250 片",维生素 C（抗坏血酸钙）,30 毫克,33%,3 片
77593,California Gold Nutrition,"California Gold Nutrition, 水解胶原蛋白肽，I 型和 III 型，维生素 C，250 片",钠,10 毫克,< 1%,3 片
77593,California Gold Nutrition,"California Gold Nutrition, 水解胶原蛋白肽，I 型和 III 型，维生素 C，250 片",水解胶原蛋白多肽,3 克,†,3 片
88693,California Gold Nutrition,"California Gold Nutrition, CollagenUP®，水解海洋胶原蛋白肽 + 透明质酸和维生素 C，原味，10 袋，每袋 0.18 盎司（5 克）",卡路里,20,,10
88693,California Gold Nutrition,"California Gold Nutrition, CollagenUP®，水解海洋胶原蛋白肽 + 透明质酸和维生素 C，原味，10 袋，每袋 0.18 盎司（5 克）",蛋白质,4 g,< 1% **,10
88693,California Gold Nutrition,"California Gold Nutrition, CollagenUP®，水解海洋胶原蛋白肽 + 透明质酸和维生素 C，原味，10 袋，每袋 0.18 盎司（5 克）",维生素 C（如抗坏血酸钙）,90 毫克,100 ％,10
88693,California Gold Nutrition,"California Gold Nutrition, CollagenUP®，水解海洋胶原蛋白肽 + 透明质酸和维生素 C，原味，10 袋，每袋 0.18 盎司（5 克）",钠,20 mg,2杯水,10
88693,California Gold Nutrition,"California Gold Nutrition, CollagenUP®，水解海洋胶原蛋白肽 + 透明质酸和维生素 C，原味，10 袋，每袋 0.18 盎司（5 克）",水解海洋胶原蛋白肽,5 g,†,10
88693,California Gold Nutrition,"California Gold Nutrition, CollagenUP®，水解海洋胶原蛋白肽 + 透明质酸和维生素 C，原味，10 袋，每袋 0.18 盎司（5 克）",透明质酸（如透明质酸钠）,60 毫克,†,10
71356,Vital Proteins,"Vital Proteins, 胶原蛋白肽，原味，20 盎司（567 克）",热量,70,,4 汤匙（20 克）
71356,Vital Proteins,"Vital Proteins, 胶原蛋白肽，原味，20 盎司（567 克）",总糖,无,**,4 汤匙（20 克）
71356,Vital Proteins,"Vital Proteins, 胶原蛋白肽，原味，20 盎司（567 克）",蛋白质,18 克,无*,4 汤匙（20 克）
71356,Vital Proteins,"Vital Proteins, 胶原蛋白肽，原味，20 盎司（567 克）",钠,110 毫克,5%,4 汤匙（20 克）
71356,Vital Proteins,"Vital Proteins, 胶原蛋白肽，原味，20 盎司（567 克）",胶原蛋白肽（来自牛）,20 克,**,4 汤匙（20 克）
59088,Youtheory,"Youtheory, 胶原蛋白，290 片",维生素 C（抗坏血酸钙）,90 毫克,100%,6 片
59088,Youtheory,"Youtheory, 胶原蛋白，290 片",水解胶原蛋白,"6,000 毫克",**,6 片
113088,Neocell,"NeoCell, 超级胶原蛋白 + 维生素 C 和生物维生素，180 片",热量,10,,3 片
113088,Neocell,"NeoCell, 超级胶原蛋白 + 维生素 C 和生物维生素，180 片",蛋白质,3 克,,3 片
113088,Neocell,"NeoCell, 超级胶原蛋白 + 维生素 C 和生物维生素，180 片",维生素 C（抗坏血酸钙）,30 毫克,33%,3 片
113088,Neocell,"NeoCell, 超级胶原蛋白 + 维生素 C 和生物维生素，180 片",生物维生素,2500 微克,"8,333%",3 片
113088,Neocell,"NeoCell, 超级胶原蛋白 + 维生素 C 和生物维生素，180 片",钠,15 毫克,< 1%,3 片
113088,Neocell,"NeoCell, 超级胶原蛋白 + 维生素 C 和生物维生素，180 片",水解牛胶原蛋白,3 克,†,3 片
113089,Neocell,"NeoCell, 草饲胶原蛋白肽 + 维生素 C 和生物维生素，270 片",热量,20,,6 片
113089,Neocell,"NeoCell, 草饲胶原蛋白肽 + 维生素 C 和生物维生素，270 片",蛋白质,5 克,,6 片
113089,Neocell,"NeoCell, 草饲胶原蛋白肽 + 维生素 C 和生物维生素，270 片",维生素 C（抗坏血酸钙）,60 毫克,67%,6 片
113089,Neocell,"NeoCell, 草饲胶原蛋白肽 + 维生素 C 和生物维生素，270 片",生物维生素,"5,000 微克",16667%,6 片
113089,Neocell,"NeoCell, 草饲胶原蛋白肽 + 维生素 C 和生物维生素，270 片",钠,30 毫克,1%,6 片
113089,Neocell,"NeoCell, 草饲胶原蛋白肽 + 维生素 C 和生物维生素，270 片",BioActive NeoCell 胶原蛋白肽™（来自草饲牛）,6 克,**,6 片
79103,Rejuvicare,"Rejuvicare, Super 胶原蛋白，500 毫克，90 粒胶囊",水解牛胶原蛋白,500 毫克,*,1 粒胶囊
59087,Youtheory,"Youtheory, 胶原蛋白，120 片",维生素 C（抗坏血酸钙）,90 毫克,100%,6 片
59087,Youtheory,"Youtheory, 胶原蛋白，120 片",水解胶原蛋白,"6,000 毫克",**,6 片
71355,Vital Proteins,"Vital Proteins, 胶原肽，未调味，10盎司（284克）",热量,70,,4 汤匙（20 克）
71355,Vital Proteins,"Vital Proteins, 胶原肽，未调味，10盎司（284克）",总糖,无,**,4 汤匙（20 克）
71355,Vital Proteins,"Vital Proteins, 胶原肽，未调味，10盎司（284克）",蛋白质,18 克,无*,4 汤匙（20 克）
71355,Vital Proteins,"Vital Proteins, 胶原肽，未调味，10盎司（284克）",钠,110 毫克,5%,4 汤匙（20 克）
71355,Vital Proteins,"Vital Proteins, 胶原肽，未调味，10盎司（284克）",胶原蛋白肽（来自牛）,20 克,**,4 汤匙（20 克）
19114,Doctor's Best,"Doctor's Best, 1 型和 3 型胶原蛋白和维生素 C，180 片",热量,10,,3 片
19114,Doctor's Best,"Doctor's Best, 1 型和 3 型胶原蛋白和维生素 C，180 片",蛋白质（来自 1 型和 3 型水解胶原蛋白）,3 克,,3 片
19114,Doctor's Best,"Doctor's Best, 1 型和 3 型胶原蛋白和维生素 C，180 片",维生素 C（抗坏血酸钙）,30 毫克,33%,3 片
19114,Doctor's Best,"Doctor's Best, 1 型和 3 型胶原蛋白和维生素 C，180 片",1 型和 3 型水解胶原蛋白,3 克（3000 毫克）,†,3 片
71106,Sports Research,"Sports Research, 胶原蛋白多肽，原味，16 盎司（454 克）",热量,40,,1 勺（11 克）
71106,Sports Research,"Sports Research, 胶原蛋白多肽，原味，16 盎司（454 克）",蛋白质,10 克,<1%**,1 勺（11 克）
71106,Sports Research,"Sports Research, 胶原蛋白多肽，原味，16 盎司（454 克）",钠,60 毫克,3%,1 勺（11 克）
71106,Sports Research,"Sports Research, 胶原蛋白多肽，原味，16 盎司（454 克）",水解牛胶原蛋白肽,11 克,†,1 勺（11 克）
81998,Vital Proteins,"Vital Proteins, 海洋胶原蛋白，原味，7.8 盎司（221 克）",热量,45,,3 汤匙（12 克）
81998,Vital Proteins,"Vital Proteins, 海洋胶原蛋白，原味，7.8 盎司（221 克）",总糖,无,**,3 汤匙（12 克）
81998,Vital Proteins,"Vital Proteins, 海洋胶原蛋白，原味，7.8 盎司（221 克）",蛋白质,11 克,无*,3 汤匙（12 克）
81998,Vital Proteins,"Vital Proteins, 海洋胶原蛋白，原味，7.8 盎司（221 克）",胶原蛋白肽（来自鳕鱼）,12 克,**,3 汤匙（12 克）
86319,NOW Foods,"NOW Foods, 胶原蛋白多肽粉，8 盎司（227 克）",热量,40,,2 平汤匙（11 克）
86319,NOW Foods,"NOW Foods, 胶原蛋白多肽粉，8 盎司（227 克）",蛋白质,10 克,,2 平汤匙（11 克）
86319,NOW Foods,"NOW Foods, 胶原蛋白多肽粉，8 盎司（227 克）",水解胶原蛋白（牛）（无 BSE）,10 克,†,2 平汤匙（11 克）
102076,California Gold Nutrition,"California Gold Nutrition, 水解海洋胶原蛋白肽，原味，7.05 盎司（200 克）",热量,20,,1 勺（5 克)
102076,California Gold Nutrition,"California Gold Nutrition, 水解海洋胶原蛋白肽，原味，7.05 盎司（200 克）",蛋白质,4 克,< 1%*,1 勺（5 克)
102076,California Gold Nutrition,"California Gold Nutrition, 水解海洋胶原蛋白肽，原味，7.05 盎司（200 克）",钠,10 毫克,< 1%,1 勺（5 克)
102076,California Gold Nutrition,"California Gold Nutrition, 水解海洋胶原蛋白肽，原味，7.05 盎司（200 克）",水解海洋胶原蛋白肽,5 克,†,1 勺（5 克)
83160,21st Century,"21st Century, 胶原蛋白维生素 C 营养片，180 片",热量,25,,6 片
83160,21st Century,"21st Century, 胶原蛋白维生素 C 营养片，180 片",维生素 C（抗坏血酸钙）,60 毫克,67%,6 片
83160,21st Century,"21st Century, 胶原蛋白维生素 C 营养片，180 片",水解胶原蛋白,"6,000 毫克",**,6 片
19109,Doctor's Best,"Doctor's Best, Pure胶原蛋白，1 型与 3 型粉末，7.1 盎司（200 克）",热量,25,,1 勺（约 6.6 克）
19109,Doctor's Best,"Doctor's Best, Pure胶原蛋白，1 型与 3 型粉末，7.1 盎司（200 克）",蛋白质（1 型或 3 型水解胶原蛋白）,6 克,,1 勺（约 6.6 克）
19109,Doctor's Best,"Doctor's Best, Pure胶原蛋白，1 型与 3 型粉末，7.1 盎司（200 克）",1 型和 3 型水解胶原蛋白（牛胶原蛋白）,6.6 克（6600 毫克）,†,1 勺（约 6.6 克）
54632,Neocell,"NeoCell, 美容胶原蛋白，150 片",热量,10,,3 片
54632,Neocell,"NeoCell, 美容胶原蛋白，150 片",蛋白质,3 克,,3 片
54632,Neocell,"NeoCell, 美容胶原蛋白，150 片",维生素 C（抗坏血酸钙）,30 毫克,33%,3 片
54632,Neocell,"NeoCell, 美容胶原蛋白，150 片",生物维生素,"1,200 微克","4,000%",3 片
54632,Neocell,"NeoCell, 美容胶原蛋白，150 片",钠,15 毫克,1%,3 片
54632,Neocell,"NeoCell, 美容胶原蛋白，150 片",生物活性 NeoCell 胶原蛋白肽™（来自草饲牛）,"3,000 毫克",**,3 片
54632,Neocell,"NeoCell, 美容胶原蛋白，150 片",透明质酸（透明质酸钠）,27 毫克,**,3 片
54632,Neocell,"NeoCell, 美容胶原蛋白，150 片",α-硫辛酸,10 毫克,**,3 片
102078,California Gold Nutrition,"California Gold Nutrition, 水解胶原蛋白多肽，I 型和 III 型，原味，7.05 盎司（200 克）",热量,35,,2 勺（10 克）
102078,California Gold Nutrition,"California Gold Nutrition, 水解胶原蛋白多肽，I 型和 III 型，原味，7.05 盎司（200 克）",蛋白质,9 克,< 1%*,2 勺（10 克）
102078,California Gold Nutrition,"California Gold Nutrition, 水解胶原蛋白多肽，I 型和 III 型，原味，7.05 盎司（200 克）",钠,45 毫克,2%,2 勺（10 克）
102078,California Gold Nutrition,"California Gold Nutrition, 水解胶原蛋白多肽，I 型和 III 型，原味，7.05 盎司（200 克）",水解牛胶原蛋白多肽,10 克,†,2 勺（10 克）
104062,Codeage,"Codeage, 多胶原蛋白多肽粉，原味，20 盎司（567 克）",热量,43,,1 勺（约 9 克）
104062,Codeage,"Codeage, 多胶原蛋白多肽粉，原味，20 盎司（567 克）",钠,50 毫克,2%,1 勺（约 9 克）
104062,Codeage,"Codeage, 多胶原蛋白多肽粉，原味，20 盎司（567 克）",蛋白质,9 克,,1 勺（约 9 克）
104062,Codeage,"Codeage, 多胶原蛋白多肽粉，原味，20 盎司（567 克）",多胶原蛋白复合物草饲水解牛胶原蛋白多肽（无 BSE）、有机鸡骨汤、有机牛骨汤（无 BSE）、野外捕获水解鱼胶原蛋白肽（鳕鱼、鲷鱼）、蛋壳膜胶原蛋白,"9,000 毫克",**,1 勺（约 9 克）
6074,Neocell,"NeoCell, 草饲胶原蛋白肽，原味，7 盎司（200 克）",热量,40,,约 1 满勺（10 克）
6074,Neocell,"NeoCell, 草饲胶原蛋白肽，原味，7 盎司（200 克）",蛋白质,8 克,无**,约 1 满勺（10 克）
6074,Neocell,"NeoCell, 草饲胶原蛋白肽，原味，7 盎司（200 克）",钠,30 毫克,1%,约 1 满勺（10 克）
6074,Neocell,"NeoCell, 草饲胶原蛋白肽，原味，7 盎司（200 克）",生物活性 NeoCell 胶原蛋白肽™（来自草饲牛）,10 克,***,约 1 满勺（10 克）
111009,Swanson Vitamins,"Swanson Vitamins, 海洋胶原蛋白肽，400 毫克，60 粒胶囊",I 型水解魚膠原蛋白肽（羅非魚和鯰魚）,400 毫克,*,1 粒膠囊
151659,Great Lakes Wellness,"Great Lakes Wellness, 速溶胶原蛋白肽，日常健康，原味，7 盎司（198 克）",热量,45,,2 勺（12 克）
151659,Great Lakes Wellness,"Great Lakes Wellness, 速溶胶原蛋白肽，日常健康，原味，7 盎司（198 克）",蛋白质,11 克,0‡,2 勺（12 克）
151659,Great Lakes Wellness,"Great Lakes Wellness, 速溶胶原蛋白肽，日常健康，原味，7 盎司（198 克）",钠,35 毫克,2%,2 勺（12 克）
151659,Great Lakes Wellness,"Great Lakes Wellness, 速溶胶原蛋白肽，日常健康，原味，7 盎司（198 克）",胶原蛋白肽（来自牛肉）,12 克,**,2 勺（12 克）
119547,Nature's Truth,"Nature's Truth, 超级胶原蛋白，I 型和 III 型，90 片包衣囊片（每片 1,000 毫克）",热量,10,,3 片包衣囊片
119547,Nature's Truth,"Nature's Truth, 超级胶原蛋白，I 型和 III 型，90 片包衣囊片（每片 1,000 毫克）",蛋白质,3 克,无**,3 片包衣囊片
119547,Nature's Truth,"Nature's Truth, 超级胶原蛋白，I 型和 III 型，90 片包衣囊片（每片 1,000 毫克）",维生素 C（抗坏血酸）,30 毫克,33%,3 片包衣囊片
119547,Nature's Truth,"Nature's Truth, 超级胶原蛋白，I 型和 III 型，90 片包衣囊片（每片 1,000 毫克）",钠,30 毫克,< 1 %,3 片包衣囊片
119547,Nature's Truth,"Nature's Truth, 超级胶原蛋白，I 型和 III 型，90 片包衣囊片（每片 1,000 毫克）",胶原蛋白肽I 型和 III 型（来自牛）,3000 毫克（3 克）,*,3 片包衣囊片
68764,Applied Nutrition,"Applied Nutrition, 液体胶原蛋白，焕肤，热带草莓和猕猴桃味，10 液体管，每管 10 毫升",热量,25,,1 液管（10 毫升）
68764,Applied Nutrition,"Applied Nutrition, 液体胶原蛋白，焕肤，热带草莓和猕猴桃味，10 液体管，每管 10 毫升",钠,20 毫克,1%**,1 液管（10 毫升）
68764,Applied Nutrition,"Applied Nutrition, 液体胶原蛋白，焕肤，热带草莓和猕猴桃味，10 液体管，每管 10 毫升",总碳水化合物,3 克,1%**,1 液管（10 毫升）
68764,Applied Nutrition,"Applied Nutrition, 液体胶原蛋白，焕肤，热带草莓和猕猴桃味，10 液体管，每管 10 毫升",糖,1 克,†,1 液管（10 毫升）
68764,Applied Nutrition,"Applied Nutrition, 液体胶原蛋白，焕肤，热带草莓和猕猴桃味，10 液体管，每管 10 毫升",硫胺（盐酸硫胺）,0.13 毫克,9%,1 液管（10 毫升）
68764,Applied Nutrition,"Applied Nutrition, 液体胶原蛋白，焕肤，热带草莓和猕猴桃味，10 液体管，每管 10 毫升",烟酸（烟酰胺）,7.5 毫克,38%,1 液管（10 毫升）
68764,Applied Nutrition,"Applied Nutrition, 液体胶原蛋白，焕肤，热带草莓和猕猴桃味，10 液体管，每管 10 毫升",维生素 B6（盐酸吡哆醇）,0.75 毫克,38%,1 液管（10 毫升）
68764,Applied Nutrition,"Applied Nutrition, 液体胶原蛋白，焕肤，热带草莓和猕猴桃味，10 液体管，每管 10 毫升",维生素 B12（氰钴胺）,0.56 微克,9%,1 液管（10 毫升）
68764,Applied Nutrition,"Applied Nutrition, 液体胶原蛋白，焕肤，热带草莓和猕猴桃味，10 液体管，每管 10 毫升",生物维生素,2000 微克,667%,1 液管（10 毫升）
68764,Applied Nutrition,"Applied Nutrition, 液体胶原蛋白，焕肤，热带草莓和猕猴桃味，10 液体管，每管 10 毫升",水解胶原蛋白（1 型和 3 型）,4000 毫克,†,1 液管（10 毫升）
68764,Applied Nutrition,"Applied Nutrition, 液体胶原蛋白，焕肤，热带草莓和猕猴桃味，10 液体管，每管 10 毫升",抗氧混合物浓缩蓝莓（果）汁、浓缩石榴（果）汁、绿茶（叶）提取物（98% 多酚、50% EGCG）,3030 毫克,†,1 液管（10 毫升）
68764,Applied Nutrition,"Applied Nutrition, 液体胶原蛋白，焕肤，热带草莓和猕猴桃味，10 液体管，每管 10 毫升",问荆提取物（4.5% 二氧化硅）（6000 微克二氧化硅）（根）,134 毫克,†,1 液管（10 毫升）
68764,Applied Nutrition,"Applied Nutrition, 液体胶原蛋白，焕肤，热带草莓和猕猴桃味，10 液体管，每管 10 毫升",胆碱（氯化胆碱）,15 毫克,†,1 液管（10 毫升）
103456,NaturesPlus,"NaturesPlus, 胶原蛋白多肽，1.30 磅（588 克）",热量,40,,约 1 勺（10.5 克）或约 2 勺（21 克）
103456,NaturesPlus,"NaturesPlus, 胶原蛋白多肽，1.30 磅（588 克）",脂肪热量,0,,约 1 勺（10.5 克）或约 2 勺（21 克）
103456,NaturesPlus,"NaturesPlus, 胶原蛋白多肽，1.30 磅（588 克）",蛋白质,10 克,‡,约 1 勺（10.5 克）或约 2 勺（21 克）
103456,NaturesPlus,"NaturesPlus, 胶原蛋白多肽，1.30 磅（588 克）",水解草饲牛肉胶原蛋白、鱼胶原蛋白、鸡胶原蛋白和蛋壳膜胶原蛋白浓缩物（包括 I、II、III、IV、V、X 型）,10 克,†,约 1 勺（10.5 克）或约 2 勺（21 克）
103456,NaturesPlus,"NaturesPlus, 胶原蛋白多肽，1.30 磅（588 克）",胶原蛋白加强酶（蛋白酶）功能,15 毫克,†,约 1 勺（10.5 克）或约 2 勺（21 克）
16756,Neocell,"NeoCell, 海洋胶原蛋白肽 + 透明质酸，120 粒胶囊",热量,10,,4 粒海洋明胶胶囊
16756,Neocell,"NeoCell, 海洋胶原蛋白肽 + 透明质酸，120 粒胶囊",蛋白质,2 克,,4 粒海洋明胶胶囊
16756,Neocell,"NeoCell, 海洋胶原蛋白肽 + 透明质酸，120 粒胶囊",维生素 C（抗坏血酸）,40 毫克,44%,4 粒海洋明胶胶囊
16756,Neocell,"NeoCell, 海洋胶原蛋白肽 + 透明质酸，120 粒胶囊",维生素 B-6（吡哆素盐酸盐）,1.32 毫克,78%,4 粒海洋明胶胶囊
16756,Neocell,"NeoCell, 海洋胶原蛋白肽 + 透明质酸，120 粒胶囊",维生素 B-12（氰钴胺）,0.4 微克,17%,4 粒海洋明胶胶囊
16756,Neocell,"NeoCell, 海洋胶原蛋白肽 + 透明质酸，120 粒胶囊",镁（氧化镁）,132 毫克,31%,4 粒海洋明胶胶囊
16756,Neocell,"NeoCell, 海洋胶原蛋白肽 + 透明质酸，120 粒胶囊",锌（氧化锌）,3.32 毫克,30%,4 粒海洋明胶胶囊
16756,Neocell,"NeoCell, 海洋胶原蛋白肽 + 透明质酸，120 粒胶囊",铜（葡糖酸铜）,1.32 毫克,147%,4 粒海洋明胶胶囊
16756,Neocell,"NeoCell, 海洋胶原蛋白肽 + 透明质酸，120 粒胶囊",海洋 NeoCell 胶原蛋白肽™,2 克,*,4 粒海洋明胶胶囊
16756,Neocell,"NeoCell, 海洋胶原蛋白肽 + 透明质酸，120 粒胶囊",透明质酸（透明质酸钠）,20 毫克,*,4 粒海洋明胶胶囊
113498,Life Extension,"Life Extension, 皮肤和关节胶原蛋白肽，12 盎司（343 克）",热量,45,,1 勺（约 11 克）
113498,Life Extension,"Life Extension, 皮肤和关节胶原蛋白肽，12 盎司（343 克）",钠,30 毫克,1%†,1 勺（约 11 克）
113498,Life Extension,"Life Extension, 皮肤和关节胶原蛋白肽，12 盎司（343 克）",蛋白质,10 克,,1 勺（约 11 克）
113498,Life Extension,"Life Extension, 皮肤和关节胶原蛋白肽，12 盎司（343 克）",I、II、III 型水解胶原蛋白肽复合物 [提取自牛和鸡肉],11.1 克,**,1 勺（约 11 克）
113462,Nature's Truth,"Nature's Truth, 胶原肽软糖，1 型+3 型，美味草莓味，60 粒",热量,20,,2 粒软糖
113462,Nature's Truth,"Nature's Truth, 胶原肽软糖，1 型+3 型，美味草莓味，60 粒",总碳水化合物,5 克,2%**,2 粒软糖
113462,Nature's Truth,"Nature's Truth, 胶原肽软糖，1 型+3 型，美味草莓味，60 粒",​​​总糖,4 克,*,2 粒软糖
113462,Nature's Truth,"Nature's Truth, 胶原肽软糖，1 型+3 型，美味草莓味，60 粒",含 4 克添加糖,,8%**,2 粒软糖
113462,Nature's Truth,"Nature's Truth, 胶原肽软糖，1 型+3 型，美味草莓味，60 粒",水解胶原蛋白（1 型和 3型）,120 毫克,*,2 粒软糖
38474,Doctor's Best,"Doctor's Best, 1 型和 3 型胶原蛋白和维生素 C 胶囊，240 粒",热量,5,,4 粒胶囊
38474,Doctor's Best,"Doctor's Best, 1 型和 3 型胶原蛋白和维生素 C 胶囊，240 粒",蛋白质（来自 1 型和 3 型水解胶原）,2 克,4%**,4 粒胶囊
38474,Doctor's Best,"Doctor's Best, 1 型和 3 型胶原蛋白和维生素 C 胶囊，240 粒",维生素 C（抗坏血酸钙）,30 毫克,33%,4 粒胶囊
38474,Doctor's Best,"Doctor's Best, 1 型和 3 型胶原蛋白和维生素 C 胶囊，240 粒",1 型和 3 型水解胶原蛋白,2 克（2000 毫克）,†,4 粒胶囊
114633,NOW Foods,"NOW Foods, 多胶原蛋白，原味，16 盎司（454 克）",热量,40,,2.5 平汤匙（13.1 克）
114633,NOW Foods,"NOW Foods, 多胶原蛋白，原味，16 盎司（454 克）",蛋白质,1无,,2.5 平汤匙（13.1 克）
114633,NOW Foods,"NOW Foods, 多胶原蛋白，原味，16 盎司（454 克）",维生素 C（抗坏血酸）,100 毫克,111%,2.5 平汤匙（13.1 克）
114633,NOW Foods,"NOW Foods, 多胶原蛋白，原味，16 盎司（454 克）",水解胶原蛋白（来自牛、鸡骨汤和鱼皮）（无 BSE）,11 克,†,2.5 平汤匙（13.1 克）
114633,NOW Foods,"NOW Foods, 多胶原蛋白，原味，16 盎司（454 克）",葡萄籽提取物,50 毫克,†,2.5 平汤匙（13.1 克）
102077,California Gold Nutrition,"California Gold Nutrition, 水解海洋胶原蛋白肽，原味，1.1 磅（500 克）",热量,20,,1 勺（5 克）
102077,California Gold Nutrition,"California Gold Nutrition, 水解海洋胶原蛋白肽，原味，1.1 磅（500 克）",蛋白质,4 克,< 1%*,1 勺（5 克）
102077,California Gold Nutrition,"California Gold Nutrition, 水解海洋胶原蛋白肽，原味，1.1 磅（500 克）",钠,10 毫克,< 1%,1 勺（5 克）
102077,California Gold Nutrition,"California Gold Nutrition, 水解海洋胶原蛋白肽，原味，1.1 磅（500 克）",水解海洋胶原蛋白,5 克,†,1 勺（5 克）
148743,BioSchwartz,"BioSchwartz, 水解胶原肽含生物维生素和维生素 C，270 片",热量,10,,3 片
148743,BioSchwartz,"BioSchwartz, 水解胶原肽含生物维生素和维生素 C，270 片",总碳水化合物,< 1 克,< 1%†,3 片
148743,BioSchwartz,"BioSchwartz, 水解胶原肽含生物维生素和维生素 C，270 片",蛋白质,3 克,0%,3 片
148743,BioSchwartz,"BioSchwartz, 水解胶原肽含生物维生素和维生素 C，270 片",维生素 C（抗坏血酸）,45 毫克,50%,3 片
148743,BioSchwartz,"BioSchwartz, 水解胶原肽含生物维生素和维生素 C，270 片",生物维生素,500 微克,1667%,3 片
148743,BioSchwartz,"BioSchwartz, 水解胶原肽含生物维生素和维生素 C，270 片",钙（磷酸钙）,180 毫克,14%,3 片
148743,BioSchwartz,"BioSchwartz, 水解胶原肽含生物维生素和维生素 C，270 片",钠,5 毫克,< 1%,3 片
148743,BioSchwartz,"BioSchwartz, 水解胶原肽含生物维生素和维生素 C，270 片",水解牛胶原蛋白（I 和 III 型）,3000 毫克,**,3 片
105895,Youtheory,"Youtheory, 胶原蛋白，160 片",维生素 C（抗坏血酸钙）,90 毫克,100%,6 片
105895,Youtheory,"Youtheory, 胶原蛋白，160 片",水解胶原蛋白,"6,000 毫克",**,6 片
86837,Garden of Life,"Garden of Life, 草饲胶原蛋白多肽，原味，19.75 盎司（560 克）",热量,70,,1 勺（约 20 克）
86837,Garden of Life,"Garden of Life, 草饲胶原蛋白多肽，原味，19.75 盎司（560 克）",蛋白质,18 克,,1 勺（约 20 克）
86837,Garden of Life,"Garden of Life, 草饲胶原蛋白多肽，原味，19.75 盎司（560 克）",钠,100 毫克,4%,1 勺（约 20 克）
86837,Garden of Life,"Garden of Life, 草饲胶原蛋白多肽，原味，19.75 盎司（560 克）",胶原蛋白肽（来自牛皮）,20 克,+,1 勺（约 20 克）
86837,Garden of Life,"Garden of Life, 草饲胶原蛋白多肽，原味，19.75 盎司（560 克）",凝结芽孢杆菌 SNZ 1969™（2.5 亿 CFU）**,2.5 毫克,+,1 勺（约 20 克）
101718,California Gold Nutrition,"California Gold Nutrition, 水解胶原蛋白多肽，I 型和 III 型，原味，1.01 lb（460 克）",热量,35,,2 勺（10 克）♦）
101718,California Gold Nutrition,"California Gold Nutrition, 水解胶原蛋白多肽，I 型和 III 型，原味，1.01 lb（460 克）",蛋白质,9 克,< 1%*,2 勺（10 克）♦）
101718,California Gold Nutrition,"California Gold Nutrition, 水解胶原蛋白多肽，I 型和 III 型，原味，1.01 lb（460 克）",钠,40 毫克,2%,2 勺（10 克）♦）
101718,California Gold Nutrition,"California Gold Nutrition, 水解胶原蛋白多肽，I 型和 III 型，原味，1.01 lb（460 克）",水解牛胶原蛋白多肽,10 克,†,2 勺（10 克）♦）
78574,Ancient Nutrition,"Ancient Nutrition, 复合胶原蛋白，1 磅（454.5 克）",热量,35,,1 勺（10.1 克）
78574,Ancient Nutrition,"Ancient Nutrition, 复合胶原蛋白，1 磅（454.5 克）",蛋白质,9 克,,1 勺（10.1 克）
78574,Ancient Nutrition,"Ancient Nutrition, 复合胶原蛋白，1 磅（454.5 克）",维生素 C（来自脂质代谢物抗坏血酸）,90 毫克,100%,1 勺（10.1 克）
78574,Ancient Nutrition,"Ancient Nutrition, 复合胶原蛋白，1 磅（454.5 克）",复合胶原蛋白水解牛皮胶原蛋白肽、发酵蛋壳膜胶原蛋白、浓缩鸡骨汤蛋白、凝结芽孢杆菌 SNZ-1969 或 IDCC1201（20 亿 CFU1）、水解鱼胶原蛋白肽。,10 克,†,1 勺（10.1 克）
118411,Swanson Vitamins,"Swanson Vitamins, 水解胶原蛋白肽 + 维生素 C，250 片",热量,25,,6 片
118411,Swanson Vitamins,"Swanson Vitamins, 水解胶原蛋白肽 + 维生素 C，250 片",蛋白质,6 克,,6 片
118411,Swanson Vitamins,"Swanson Vitamins, 水解胶原蛋白肽 + 维生素 C，250 片",钠,20 毫克,< 1%,6 片
118411,Swanson Vitamins,"Swanson Vitamins, 水解胶原蛋白肽 + 维生素 C，250 片",维生素 C（抗坏血酸）,60 毫克,67%,6 片
118411,Swanson Vitamins,"Swanson Vitamins, 水解胶原蛋白肽 + 维生素 C，250 片",I 和 III 型水解胶原蛋白（牛）,6 克,*,6 片
115361,Vitauthority,"Vitauthority, 复合胶原蛋白胶囊+，90 粒",总卡,10,,3 粒胶囊
115361,Vitauthority,"Vitauthority, 复合胶原蛋白胶囊+，90 粒",蛋白质,1 克,,3 粒胶囊
115361,Vitauthority,"Vitauthority, 复合胶原蛋白胶囊+，90 粒",维生素 C,50 毫克,56%‡,3 粒胶囊
115361,Vitauthority,"Vitauthority, 复合胶原蛋白胶囊+，90 粒",钙（磷酸氢钙）,7 毫克,1%‡,3 粒胶囊
115361,Vitauthority,"Vitauthority, 复合胶原蛋白胶囊+，90 粒",多来源胶原蛋白复合物水解草饲牛胶原蛋白肽，水解鱼胶原蛋白、鸡骨汤浓缩胶原蛋白、水溶性蛋壳膜胶原蛋白,1600 毫克,†,3 粒胶囊
115361,Vitauthority,"Vitauthority, 复合胶原蛋白胶囊+，90 粒",透明质酸（透明质酸钠）,50 毫克,†,3 粒胶囊
61864,California Gold Nutrition,"California Gold Nutrition, Gold C®，USP 级维生素 C，1,000 毫克，60 粒素食胶囊",维生素 C（抗坏血酸）,1000 毫克,"1,111%",1 粒胶囊
65993,Neocell,"NeoCell, 高级胶原蛋白肽 + 透明质酸和维生素 C，原味，6.9 盎司（195 克）",热量,45,,约 1 勺（13 克）
65993,Neocell,"NeoCell, 高级胶原蛋白肽 + 透明质酸和维生素 C，原味，6.9 盎司（195 克）",蛋白质,10 克,无**,约 1 勺（13 克）
65993,Neocell,"NeoCell, 高级胶原蛋白肽 + 透明质酸和维生素 C，原味，6.9 盎司（195 克）",维生素 C（抗坏血酸）,120 毫克,133%,约 1 勺（13 克）
65993,Neocell,"NeoCell, 高级胶原蛋白肽 + 透明质酸和维生素 C，原味，6.9 盎司（195 克）",钠,65 毫克,3%,约 1 勺（13 克）
65993,Neocell,"NeoCell, 高级胶原蛋白肽 + 透明质酸和维生素 C，原味，6.9 盎司（195 克）",生物活性 NeoCell 胶原蛋白肽™（来自草饲牛）,12 克,***,约 1 勺（13 克）
65993,Neocell,"NeoCell, 高级胶原蛋白肽 + 透明质酸和维生素 C，原味，6.9 盎司（195 克）",透明质酸（透明质酸钠）,60 毫克,***,约 1 勺（13 克）
65993,Neocell,"NeoCell, 高级胶原蛋白肽 + 透明质酸和维生素 C，原味，6.9 盎司（195 克）",余甘子提取物,10 毫克,***,约 1 勺（13 克）
146510,Micro Ingredients,"Micro Ingredients, 海洋胶原蛋白，原味，1 磅（454 克）",热量,45,,2 勺（约 12 克）
146510,Micro Ingredients,"Micro Ingredients, 海洋胶原蛋白，原味，1 磅（454 克）",蛋白质,11 克,0%**,2 勺（约 12 克）
146510,Micro Ingredients,"Micro Ingredients, 海洋胶原蛋白，原味，1 磅（454 克）",钠,30 毫克,1%,2 勺（约 12 克）
146510,Micro Ingredients,"Micro Ingredients, 海洋胶原蛋白，原味，1 磅（454 克）",水解海洋胶原蛋白肽,12 克,†,2 勺（约 12 克）
107588,California Gold Nutrition,"California Gold Nutrition, 骨骼支持食品，含胶原蛋白肽、透明质酸、维生素和矿物质，原味，14.5 盎司（411 克）",热量,20,,1 勺（7 克）
107588,California Gold Nutrition,"California Gold Nutrition, 骨骼支持食品，含胶原蛋白肽、透明质酸、维生素和矿物质，原味，14.5 盎司（411 克）",蛋白质,4 克,< 1%**,1 勺（7 克）
107588,California Gold Nutrition,"California Gold Nutrition, 骨骼支持食品，含胶原蛋白肽、透明质酸、维生素和矿物质，原味，14.5 盎司（411 克）",维生素 C（抗坏血酸钙）,90 毫克,100%,1 勺（7 克）
107588,California Gold Nutrition,"California Gold Nutrition, 骨骼支持食品，含胶原蛋白肽、透明质酸、维生素和矿物质，原味，14.5 盎司（411 克）",维生素 D（D3，胆钙化醇）,5 微克,25%,1 勺（7 克）
107588,California Gold Nutrition,"California Gold Nutrition, 骨骼支持食品，含胶原蛋白肽、透明质酸、维生素和矿物质，原味，14.5 盎司（411 克）",钙（柠檬酸钙）,250 毫克,19%,1 勺（7 克）
107588,California Gold Nutrition,"California Gold Nutrition, 骨骼支持食品，含胶原蛋白肽、透明质酸、维生素和矿物质，原味，14.5 盎司（411 克）",镁（柠檬酸镁）,75 毫克,18%,1 勺（7 克）
107588,California Gold Nutrition,"California Gold Nutrition, 骨骼支持食品，含胶原蛋白肽、透明质酸、维生素和矿物质，原味，14.5 盎司（411 克）",锌（单蛋氨酸锌）,2.75 毫克,25%,1 勺（7 克）
107588,California Gold Nutrition,"California Gold Nutrition, 骨骼支持食品，含胶原蛋白肽、透明质酸、维生素和矿物质，原味，14.5 盎司（411 克）",钠,15 毫克,1%,1 勺（7 克）
107588,California Gold Nutrition,"California Gold Nutrition, 骨骼支持食品，含胶原蛋白肽、透明质酸、维生素和矿物质，原味，14.5 盎司（411 克）",水解海洋胶原蛋白肽,5 克,†,1 勺（7 克）
107588,California Gold Nutrition,"California Gold Nutrition, 骨骼支持食品，含胶原蛋白肽、透明质酸、维生素和矿物质，原味，14.5 盎司（411 克）",透明质酸（透明质酸钠）,60 毫克,†,1 勺（7 克）
107588,California Gold Nutrition,"California Gold Nutrition, 骨骼支持食品，含胶原蛋白肽、透明质酸、维生素和矿物质，原味，14.5 盎司（411 克）",维生素 K2（甲萘醌-7 [MK-7]）,120 微克,†,1 勺（7 克）
86731,Nature's Way,"Nature's Way, Alive! 头发、肌肤和指甲呵护软糖，草莓味，60 粒",热量,20,,2 粒软糖
86731,Nature's Way,"Nature's Way, Alive! 头发、肌肤和指甲呵护软糖，草莓味，60 粒",总碳水化合物,4 克,1%†,2 粒软糖
86731,Nature's Way,"Nature's Way, Alive! 头发、肌肤和指甲呵护软糖，草莓味，60 粒",​​​总糖,3 克,**,2 粒软糖
86731,Nature's Way,"Nature's Way, Alive! 头发、肌肤和指甲呵护软糖，草莓味，60 粒",含 3 克添加糖,,6%†,2 粒软糖
86731,Nature's Way,"Nature's Way, Alive! 头发、肌肤和指甲呵护软糖，草莓味，60 粒",维生素 C（抗坏血酸）,135 毫克,150%,2 粒软糖
86731,Nature's Way,"Nature's Way, Alive! 头发、肌肤和指甲呵护软糖，草莓味，60 粒",维生素 E（dl-α-生育酚乙酸酯）,30 毫克,200%,2 粒软糖
86731,Nature's Way,"Nature's Way, Alive! 头发、肌肤和指甲呵护软糖，草莓味，60 粒",生物维生素,"2,500 微克",8333%,2 粒软糖
86731,Nature's Way,"Nature's Way, Alive! 头发、肌肤和指甲呵护软糖，草莓味，60 粒",钠,10 毫克,< 1%,2 粒软糖
86731,Nature's Way,"Nature's Way, Alive! 头发、肌肤和指甲呵护软糖，草莓味，60 粒",水解胶原蛋白,100 毫克,**,2 粒软糖
86731,Nature's Way,"Nature's Way, Alive! 头发、肌肤和指甲呵护软糖，草莓味，60 粒",Orchard Fruits™ 和 Garden Veggies™ 粉混合物：香橙、蓝莓、胡萝卜、梅子、石榴、草莓、梨、苹果、甜菜、树莓、凤梨、南瓜、樱桃、西兰花、葡萄、香蕉、甘蓝、番茄、巴西莓、芦笋、抱子甘蓝芽、蔓越橘、黄瓜、豌豆、西兰花、菠菜,50 毫克,**,2 粒软糖
78213,Vital Proteins,"Vital Proteins, 胶原蛋白肽，360 粒胶囊（每粒胶囊 550 毫克）",热量,10,,6 粒胶囊
78213,Vital Proteins,"Vital Proteins, 胶原蛋白肽，360 粒胶囊（每粒胶囊 550 毫克）",蛋白质,3 克,0%*,6 粒胶囊
78213,Vital Proteins,"Vital Proteins, 胶原蛋白肽，360 粒胶囊（每粒胶囊 550 毫克）",钠,20 毫克,1%,6 粒胶囊
78213,Vital Proteins,"Vital Proteins, 胶原蛋白肽，360 粒胶囊（每粒胶囊 550 毫克）",胶原蛋白肽（来自牛肉）,3.3 克,**,6 粒胶囊
115921,NaturesPlus,"NaturesPlus, 胶原蛋白多肽，浆果柠檬水味，0.8 磅（364 克）",热量,90,,约 2 满勺（26 克）
115921,NaturesPlus,"NaturesPlus, 胶原蛋白多肽，浆果柠檬水味，0.8 磅（364 克）",钠,50 毫克,2%,约 2 满勺（26 克）
115921,NaturesPlus,"NaturesPlus, 胶原蛋白多肽，浆果柠檬水味，0.8 磅（364 克）",总碳水化合物,2 克,< 1%,约 2 满勺（26 克）
115921,NaturesPlus,"NaturesPlus, 胶原蛋白多肽，浆果柠檬水味，0.8 磅（364 克）",蛋白质,20 克,‡,约 2 满勺（26 克）
115921,NaturesPlus,"NaturesPlus, 胶原蛋白多肽，浆果柠檬水味，0.8 磅（364 克）",维生素 C（抗坏血酸）,10 毫克,11%,约 2 满勺（26 克）
115921,NaturesPlus,"NaturesPlus, 胶原蛋白多肽，浆果柠檬水味，0.8 磅（364 克）",水解草饲牛肉胶原蛋白、鱼胶原蛋白、鸡胶原蛋白和蛋壳膜胶原蛋白浓缩物（包括 I、II、III、IV、V、X 型）,20 克,†,约 2 满勺（26 克）
115921,NaturesPlus,"NaturesPlus, 胶原蛋白多肽，浆果柠檬水味，0.8 磅（364 克）",胶原蛋白加强酶（蛋白酶）功能,20 毫克,†,约 2 满勺（26 克）
